{
  "meta": {
    "ckpt_path": "c:\\Users\\Utilisateur\\Downloads\\MIRAZOOM-main\\MIRAZOOM-main\\MIRA-GLURope\\checkpoint\\mira_glu_rope_v4_v3roles_ft_wiki02_ep3.pt",
    "ckpt_name": "mira_glu_rope_v4_v3roles_ft_wiki02_ep3.pt",
    "vocab_size": 12003,
    "embed_dim": 256,
    "seq_len": 128,
    "n_layers": 6,
    "n_heads": 8,
    "head_dim": 32,
    "epochs_completed": 11,
    "n_params": 9110401,
    "tokenizer_path": "C:\\Users\\Utilisateur\\Downloads\\MIRAZOOM-main\\MIRAZOOM-main\\MIRA-GLURope\\tokenizer\\tokenizer_v3_fr12k.json"
  },
  "layer_gammas_raw": [
    -0.4934195280075073,
    0.46777451038360596,
    -0.31550005078315735,
    -0.4687211513519287,
    0.41615021228790283,
    -0.21188396215438843
  ],
  "layer_gammas_tanh": [
    -0.4569262496206209,
    0.436399408393102,
    -0.3054323951786987,
    -0.43716545015781666,
    0.3936822453522118,
    -0.208769057135771
  ],
  "layer_w_coh_norms": [
    45.178199768066406,
    36.32038879394531,
    35.464088439941406,
    35.366607666015625,
    36.151004791259766,
    35.54098129272461
  ],
  "layer_nu_diff": [
    0.20428983867168427,
    0.27332940697669983,
    0.3044034540653229,
    0.4176905155181885,
    0.4158235490322113,
    0.5396071076393127
  ],
  "layer_nu_adv": [
    0.128349170088768,
    0.11662422865629196,
    0.15091919898986816,
    0.19650603830814362,
    0.2557677626609802,
    0.3275880813598633
  ],
  "layer_alpha_attn": [
    0.42,
    0.42,
    0.42,
    0.42,
    0.42,
    0.42
  ],
  "layer_alpha_mlp": [
    1.07,
    1.07,
    1.07,
    1.07,
    1.07,
    1.07
  ],
  "layer_alpha_adv": [
    1.0,
    1.0,
    1.0,
    1.0,
    1.0,
    1.0
  ],
  "matrix_norms": {
    "L0.W_q": 30.1279354095459,
    "L0.W_k": 30.126127243041992,
    "L0.W_v": 30.6860294342041,
    "L0.W_coh": 45.178199768066406,
    "L0.W_u": 30.960721969604492,
    "L0.W_g": 30.995838165283203,
    "L0.C": 32.060001373291016,
    "L1.W_q": 33.251895904541016,
    "L1.W_k": 30.323993682861328,
    "L1.W_v": 37.02497100830078,
    "L1.W_coh": 36.32038879394531,
    "L1.W_u": 32.12419891357422,
    "L1.W_g": 32.06471633911133,
    "L1.C": 33.99833297729492,
    "L2.W_q": 33.09235382080078,
    "L2.W_k": 31.069570541381836,
    "L2.W_v": 40.10425567626953,
    "L2.W_coh": 35.464088439941406,
    "L2.W_u": 31.842866897583008,
    "L2.W_g": 31.825647354125977,
    "L2.C": 34.8729133605957,
    "L3.W_q": 28.385562896728516,
    "L3.W_k": 27.70637321472168,
    "L3.W_v": 44.853416442871094,
    "L3.W_coh": 35.366607666015625,
    "L3.W_u": 32.0825309753418,
    "L3.W_g": 32.05002975463867,
    "L3.C": 35.053985595703125,
    "L4.W_q": 25.264780044555664,
    "L4.W_k": 25.827817916870117,
    "L4.W_v": 51.41151428222656,
    "L4.W_coh": 36.151004791259766,
    "L4.W_u": 32.038185119628906,
    "L4.W_g": 32.014835357666016,
    "L4.C": 35.529327392578125,
    "L5.W_q": 21.046560287475586,
    "L5.W_k": 21.856096267700195,
    "L5.W_v": 68.72911834716797,
    "L5.W_coh": 35.54098129272461,
    "L5.W_u": 32.30402755737305,
    "L5.W_g": 32.192874908447266,
    "L5.C": 36.71153259277344
  },
  "matrix_ranks": {
    "L0.W_q": 244,
    "L0.W_k": 246,
    "L0.W_v": 247,
    "L0.W_coh": 236,
    "L0.W_u": 252,
    "L0.W_g": 250,
    "L0.C": 249,
    "L1.W_q": 232,
    "L1.W_k": 237,
    "L1.W_v": 247,
    "L1.W_coh": 234,
    "L1.W_u": 250,
    "L1.W_g": 249,
    "L1.C": 248,
    "L2.W_q": 236,
    "L2.W_k": 233,
    "L2.W_v": 248,
    "L2.W_coh": 225,
    "L2.W_u": 250,
    "L2.W_g": 249,
    "L2.C": 249,
    "L3.W_q": 241,
    "L3.W_k": 239,
    "L3.W_v": 248,
    "L3.W_coh": 236,
    "L3.W_u": 248,
    "L3.W_g": 250,
    "L3.C": 250,
    "L4.W_q": 238,
    "L4.W_k": 239,
    "L4.W_v": 250,
    "L4.W_coh": 238,
    "L4.W_u": 250,
    "L4.W_g": 250,
    "L4.C": 250,
    "L5.W_q": 242,
    "L5.W_k": 235,
    "L5.W_v": 249,
    "L5.W_coh": 233,
    "L5.W_u": 248,
    "L5.W_g": 248,
    "L5.C": 248
  },
  "emb_spectral_entropy": 5.534361839294434,
  "emb_effective_rank": 256,
  "head_effective_rank": 256
}